Sector,Direction,Flight_Heading_deg,Month,Mean_U_mps,Mean_V_mps,Mean_Tailwind_mps,Mean_Crosswind_mps,Mean_Headwind_mps,Valid_Sample_Count,Total_Sample_Count,Coverage_Ratio
1,takeoff,15.0,1,1.1466048965161524,1.8146128228606033,2.0495445747425527,0.6378789240508852,0.0,22,385,0.05714285714285714
1,takeoff,15.0,2,1.0311429678137005,1.5239358773819254,1.7388884598654137,0.6015839946261486,0.0,22,385,0.05714285714285714
1,takeoff,15.0,3,1.0676288513756707,0.8967409781342962,1.1425079501085893,0.7991566367700748,0.0,22,385,0.05714285714285714
1,takeoff,15.0,4,1.072966469589081,0.8389251087101601,1.088043585911577,0.8192762281694056,0.0,22,385,0.05714285714285714
1,takeoff,15.0,5,1.8163713267542925,2.1333486081002344,2.5307680093839973,1.202328725023616,0.0,22,385,0.05714285714285714
1,takeoff,15.0,6,0.9228780202222221,1.1123531702135272,1.313309063003786,0.6035335289157426,0.0,22,385,0.05714285714285714
1,takeoff,15.0,7,1.2343721546018462,1.294240315382026,1.569619168407199,0.8573379008216446,0.0,22,385,0.05714285714285714
1,takeoff,15.0,8,0.9752810576971417,1.0396746691032321,1.256669925885104,0.6729615564456104,0.0,22,385,0.05714285714285714
1,takeoff,15.0,9,1.142568685365187,1.0411077307133283,1.301351381155469,0.8341780927913068,0.0,22,385,0.05714285714285714
1,takeoff,15.0,10,0.9059051193249107,1.4252539313925536,1.6111550792892544,0.5061542893717771,0.0,22,385,0.05714285714285714
1,takeoff,15.0,11,1.3364775367630148,1.791767460912663,2.0766203050659033,0.8271946257354102,0.0,22,385,0.05714285714285714
1,takeoff,15.0,12,1.150526406486201,1.8456370836012888,2.080526670899314,0.6336371422690894,0.0,22,385,0.05714285714285714
1,landing,195.0,1,1.1466048965161524,1.814612822860603,0.0,0.6378789240508851,2.0495445747425522,22,385,0.05714285714285714
1,landing,195.0,2,1.0311429678137003,1.5239358773819256,0.0,0.6015839946261488,1.7388884598654144,22,385,0.05714285714285714
1,landing,195.0,3,1.0676288513756704,0.8967409781342962,0.0,0.7991566367700744,1.1425079501085895,22,385,0.05714285714285714
1,landing,195.0,4,1.0729664695890813,0.8389251087101601,0.0,0.8192762281694058,1.088043585911577,22,385,0.05714285714285714
1,landing,195.0,5,1.8163713267542918,2.1333486081002344,0.0,1.202328725023616,2.5307680093839973,22,385,0.05714285714285714
1,landing,195.0,6,0.9228780202222222,1.1123531702135272,0.0,0.6035335289157427,1.3133090630037862,22,385,0.05714285714285714
1,landing,195.0,7,1.2343721546018465,1.2942403153820263,0.0,0.8573379008216448,1.5696191684071992,22,385,0.05714285714285714
1,landing,195.0,8,0.9752810576971419,1.0396746691032326,0.0,0.6729615564456106,1.2566699258851042,22,385,0.05714285714285714
1,landing,195.0,9,1.142568685365187,1.0411077307133283,0.0,0.8341780927913067,1.3013513811554687,22,385,0.05714285714285714
1,landing,195.0,10,0.9059051193249107,1.425253931392554,0.0,0.506154289371777,1.6111550792892542,22,385,0.05714285714285714
1,landing,195.0,11,1.336477536763015,1.791767460912663,0.0,0.8271946257354102,2.0766203050659033,22,385,0.05714285714285714
1,landing,195.0,12,1.150526406486201,1.8456370836012892,0.0,0.6336371422690895,2.080526670899314,22,385,0.05714285714285714
2,takeoff,45.0,1,2.640336081881053,3.185590999076189,4.119552545643215,0.38750965663739845,0.0,175,385,0.45454545454545453
2,takeoff,45.0,2,2.0258930656195155,2.729642011706231,3.3626711013475283,0.49762565203080256,0.0,175,385,0.45454545454545453
2,takeoff,45.0,3,2.0140861843121445,2.631016055528735,3.284583293096307,0.45598626972041495,0.0,175,385,0.45454545454545453
2,takeoff,45.0,4,2.8370198264572912,3.077271824551148,4.182035732343049,0.20032296927080187,0.0,175,385,0.45454545454545453
2,takeoff,45.0,5,4.956107868226823,5.614965604569861,7.474877737035763,0.4658827732053794,0.0,175,385,0.45454545454545453
2,takeoff,45.0,6,2.024602636311791,2.0909076573869774,2.9101052367174396,0.13725316108618152,0.0,175,385,0.45454545454545453
2,takeoff,45.0,7,3.523985041112071,3.0149621106341167,4.623733872820189,0.3688742347076314,0.0,175,385,0.45454545454545453
2,takeoff,45.0,8,2.562335704362728,2.845508006350539,3.823922959442373,0.20045893309420676,0.0,175,385,0.45454545454545453
2,takeoff,45.0,9,3.426537751104382,4.942257968289914,5.917632203548658,1.0859699106641783,0.0,175,385,0.45454545454545453
2,takeoff,45.0,10,2.312134351799872,4.09635593535961,4.531486939218594,1.2616351808744912,0.0,175,385,0.45454545454545453
2,takeoff,45.0,11,3.2902057757229244,3.9361314985752753,5.109792089797368,0.45673845877171965,0.0,175,385,0.45454545454545453
2,takeoff,45.0,12,2.5208182761582516,4.0299157843681535,4.632068475947909,1.067093081526943,0.0,175,385,0.45454545454545453
2,landing,225.0,1,2.6358862483192143,3.183915450107672,0.0,0.38946025727256556,4.1152212461186375,176,385,0.45714285714285713
2,landing,225.0,2,2.0239079915725404,2.727844430432643,0.0,0.49775822944228826,3.359996360119467,176,385,0.45714285714285713
2,landing,225.0,3,2.0124114910493485,2.6240393346130273,0.0,0.45466592871661005,3.2784658194638325,176,385,0.45714285714285713
2,landing,225.0,4,2.8307148026473885,3.067228766529047,0.0,0.20086271096102945,4.170475892820247,176,385,0.45714285714285713
2,landing,225.0,5,4.944535327551195,5.60208647374284,0.0,0.4649588744490987,7.457587794304894,176,385,0.45714285714285713
2,landing,225.0,6,2.0215584781615075,2.0889787121588914,0.0,0.13752827871129147,2.9065887215950523,176,385,0.45714285714285713
2,landing,225.0,7,3.5152046679232156,3.009341184995134,0.0,0.3669673480822897,4.613550616761131,176,385,0.45714285714285713
2,landing,225.0,8,2.5566238149334963,2.8385999943310023,0.0,0.19961186330109493,3.814999341550043,176,385,0.45714285714285713
2,landing,225.0,9,3.417604012892932,4.923545154538934,0.0,1.0806248410952237,5.898083139179598,176,385,0.45714285714285713
2,landing,225.0,10,2.307230530382631,4.086000472750339,0.0,1.25778028841901,4.520696996007397,176,385,0.45714285714285713
2,landing,225.0,11,3.2836751748263495,3.929737899837902,0.0,0.45683533392752834,5.1006533005947965,176,385,0.45714285714285713
2,landing,225.0,12,2.5170179097753946,4.023795926918232,0.0,1.0654529536645205,4.625053818404864,176,385,0.45714285714285713
3,takeoff,75.0,1,2.5404904458279,2.6223780746645526,3.1326467222482646,1.87549539733144,0.0,285,385,0.7402597402597403
3,takeoff,75.0,2,2.1843360783930925,2.5747760367310426,2.776307706594452,1.9216948927960402,0.0,285,385,0.7402597402597403
3,takeoff,75.0,3,2.1525626486905813,2.3309095288419925,2.682499633550686,1.6943615033943156,0.0,285,385,0.7402597402597403
3,takeoff,75.0,4,2.9624741288159653,2.8474451834935763,3.5985033141101286,1.9836761165177905,0.0,285,385,0.7402597402597403
3,takeoff,75.0,5,4.753076697923697,5.122221292844925,5.916847960675185,3.7174990624710404,0.0,285,385,0.7402597402597403
3,takeoff,75.0,6,1.7089405526963075,1.6828541887337531,2.0862645296169253,1.183205960790838,0.0,285,385,0.7402597402597403
3,takeoff,75.0,7,3.2755979716858716,2.6809928596540114,3.8578766892537995,1.7418531040649017,0.0,285,385,0.7402597402597403
3,takeoff,75.0,8,2.4121549040271093,2.602070104798894,3.003428018623479,1.889095087140295,0.0,285,385,0.7402597402597403
3,takeoff,75.0,9,3.853438171727782,4.2283626184143515,4.816516225325191,3.086941468073502,0.0,285,385,0.7402597402597403
3,takeoff,75.0,10,2.478001824839102,3.6303292306524333,3.3331643050887596,2.8652746957521495,0.0,285,385,0.7402597402597403
3,takeoff,75.0,11,2.9673923898429506,3.1814659993757477,3.689704938067513,2.3050425094739557,0.0,285,385,0.7402597402597403
3,takeoff,75.0,12,2.6397699086936215,3.3681778192391216,3.421570497178865,2.5701872160786094,0.0,285,385,0.7402597402597403
3,landing,255.0,1,2.5404904458279,2.622378074664553,0.0,1.87549539733144,3.1326467222482646,285,385,0.7402597402597403
3,landing,255.0,2,2.1843360783930925,2.5747760367310426,0.0,1.9216948927960402,2.776307706594453,285,385,0.7402597402597403
3,landing,255.0,3,2.1525626486905813,2.3309095288419925,0.0,1.6943615033943156,2.682499633550686,285,385,0.7402597402597403
3,landing,255.0,4,2.9624741288159653,2.8474451834935763,0.0,1.9836761165177905,3.5985033141101286,285,385,0.7402597402597403
3,landing,255.0,5,4.753076697923698,5.122221292844925,0.0,3.7174990624710404,5.916847960675186,285,385,0.7402597402597403
3,landing,255.0,6,1.7089405526963075,1.6828541887337534,0.0,1.183205960790838,2.086264529616925,285,385,0.7402597402597403
3,landing,255.0,7,3.275597971685872,2.6809928596540114,0.0,1.7418531040649017,3.8578766892537995,285,385,0.7402597402597403
3,landing,255.0,8,2.4121549040271097,2.602070104798894,0.0,1.8890950871402952,3.0034280186234796,285,385,0.7402597402597403
3,landing,255.0,9,3.853438171727783,4.2283626184143515,0.0,3.086941468073503,4.816516225325191,285,385,0.7402597402597403
3,landing,255.0,10,2.478001824839102,3.6303292306524333,0.0,2.8652746957521495,3.33316430508876,285,385,0.7402597402597403
3,landing,255.0,11,2.96739238984295,3.1814659993757477,0.0,2.305042509473956,3.689704938067513,285,385,0.7402597402597403
3,landing,255.0,12,2.639769908693622,3.3681778192391225,0.0,2.5701872160786094,3.4215704971788656,285,385,0.7402597402597403
4,takeoff,105.0,1,3.198740021303382,3.053006943007545,2.2995692564808023,3.776873091935784,0.0,351,385,0.9116883116883117
4,takeoff,105.0,2,2.7696979456302984,2.9262978977704526,1.9179411491176184,3.543437292382335,0.0,351,385,0.9116883116883117
4,takeoff,105.0,3,2.38831320932112,1.987370432977364,1.7925640924224147,2.537793371858353,0.0,351,385,0.9116883116883117
4,takeoff,105.0,4,3.049837319023647,2.711749497786204,2.244064216850887,3.4087048569658376,0.0,351,385,0.9116883116883117
4,takeoff,105.0,5,5.101058677760759,5.426351902884245,3.522801100370336,6.561704581518689,0.0,351,385,0.9116883116883117
4,takeoff,105.0,6,2.0466315546302765,1.7754562425850007,1.5173723861883706,2.2446662628050973,0.0,351,385,0.9116883116883117
4,takeoff,105.0,7,3.3225703252206578,2.608003139344959,2.534355604642663,3.3790820661958456,0.0,351,385,0.9116883116883117
4,takeoff,105.0,8,2.7646430644612283,2.594741078214591,1.998871728282268,3.2218696979737786,0.0,351,385,0.9116883116883117
4,takeoff,105.0,9,4.463685931042361,4.013436852503185,3.2728356274928405,5.031969238323078,0.0,351,385,0.9116883116883117
4,takeoff,105.0,10,2.995720916571848,3.681677846751174,1.9407558569998635,4.33157734327406,0.0,351,385,0.9116883116883117
4,takeoff,105.0,11,3.698415005030988,3.362936488256976,2.702002559063351,4.205567446172233,0.0,351,385,0.9116883116883117
4,takeoff,105.0,12,3.4129465026723778,3.6252852473865658,2.3583603047213555,4.385092202923091,0.0,351,385,0.9116883116883117
4,landing,285.0,1,3.198740021303382,3.053006943007545,0.0,3.7768730919357836,2.299569256480803,351,385,0.9116883116883117
4,landing,285.0,2,2.7696979456302984,2.9262978977704526,0.0,3.543437292382335,1.9179411491176188,351,385,0.9116883116883117
4,landing,285.0,3,2.38831320932112,1.987370432977364,0.0,2.537793371858353,1.792564092422415,351,385,0.9116883116883117
4,landing,285.0,4,3.049837319023647,2.7117494977862044,0.0,3.408704856965838,2.244064216850887,351,385,0.9116883116883117
4,landing,285.0,5,5.10105867776076,5.426351902884243,0.0,6.561704581518689,3.522801100370336,351,385,0.9116883116883117
4,landing,285.0,6,2.0466315546302765,1.7754562425850007,0.0,2.2446662628050973,1.517372386188371,351,385,0.9116883116883117
4,landing,285.0,7,3.322570325220658,2.608003139344959,0.0,3.379082066195847,2.534355604642663,351,385,0.9116883116883117
4,landing,285.0,8,2.7646430644612283,2.594741078214591,0.0,3.2218696979737795,1.998871728282268,351,385,0.9116883116883117
4,landing,285.0,9,4.463685931042361,4.013436852503185,0.0,5.031969238323077,3.2728356274928405,351,385,0.9116883116883117
4,landing,285.0,10,2.995720916571848,3.681677846751174,0.0,4.33157734327406,1.9407558569998635,351,385,0.9116883116883117
4,landing,285.0,11,3.6984150050309887,3.362936488256976,0.0,4.205567446172233,2.702002559063351,351,385,0.9116883116883117
4,landing,285.0,12,3.4129465026723778,3.6252852473865658,0.0,4.385092202923091,2.3583603047213555,351,385,0.9116883116883117
5,takeoff,135.0,1,3.0894337039032864,3.3650780641153566,0.00040048925289853444,4.564029040414355,0.19531048555468045,375,385,0.974025974025974
5,takeoff,135.0,2,2.686669666319022,3.1232877492170834,0.002429965216223844,4.108260286930648,0.3111655724221134,375,385,0.974025974025974
5,takeoff,135.0,3,2.2585282910901423,1.8027400986787676,0.32229092163884226,2.8717504186241665,0.0,375,385,0.974025974025974
5,takeoff,135.0,4,2.932321022871951,2.460208484073223,0.3338339776677775,3.813094182109482,0.0,375,385,0.974025974025974
5,takeoff,135.0,5,5.435581869871116,5.660616559782882,0.02431948878282461,7.846197154999864,0.1834430440216469,375,385,0.974025974025974
5,takeoff,135.0,6,2.0388360643046797,1.9283218623425722,0.08567156837300971,2.805204271970236,0.0075262267481834115,375,385,0.974025974025974
5,takeoff,135.0,7,2.9233053655266885,2.6229214129074214,0.2142999219918847,3.9217745650291786,0.0018963921351822029,375,385,0.974025974025974
5,takeoff,135.0,8,2.7632150117107184,2.6117280251583717,0.11497202960572607,3.8006586698615488,0.007854554153046261,375,385,0.974025974025974
5,takeoff,135.0,9,3.9703504368729257,3.63890399680551,0.23439957412429563,5.380555409827825,3.154875248457382e-05,375,385,0.974025974025974
5,takeoff,135.0,10,2.8139914594199458,3.5597542550715673,0.0,4.506918816275645,0.5273339299618989,375,385,0.974025974025974
5,takeoff,135.0,11,3.5594169341548794,3.3923171431875803,0.16117484013181319,4.9156183070944595,0.04301744480398129,375,385,0.974025974025974
5,takeoff,135.0,12,3.2581093295783243,3.714890148432073,0.0,4.930655216111408,0.32299281452742945,375,385,0.974025974025974
5,landing,315.0,1,3.0894337039032873,3.365078064115357,0.1953104855546804,4.564029040414355,0.00040048925289853444,375,385,0.974025974025974
5,landing,315.0,2,2.686669666319022,3.123287749217084,0.3111655724221134,4.108260286930648,0.002429965216223851,375,385,0.974025974025974
5,landing,315.0,3,2.2585282910901423,1.8027400986787674,0.0,2.8717504186241665,0.3222909216388424,375,385,0.974025974025974
5,landing,315.0,4,2.932321022871951,2.460208484073223,0.0,3.8130941821094813,0.33383397766777756,375,385,0.974025974025974
5,landing,315.0,5,5.435581869871115,5.660616559782882,0.18344304402164682,7.846197154999864,0.024319488782824618,375,385,0.974025974025974
5,landing,315.0,6,2.0388360643046797,1.9283218623425722,0.007526226748183409,2.805204271970236,0.08567156837300971,375,385,0.974025974025974
5,landing,315.0,7,2.9233053655266885,2.6229214129074214,0.0018963921351822055,3.9217745650291786,0.21429992199188472,375,385,0.974025974025974
5,landing,315.0,8,2.7632150117107184,2.6117280251583717,0.007854554153046239,3.8006586698615483,0.11497202960572611,375,385,0.974025974025974
5,landing,315.0,9,3.9703504368729265,3.63890399680551,3.154875248457382e-05,5.380555409827825,0.23439957412429574,375,385,0.974025974025974
5,landing,315.0,10,2.8139914594199458,3.5597542550715673,0.5273339299618989,4.506918816275645,0.0,375,385,0.974025974025974
5,landing,315.0,11,3.5594169341548794,3.3923171431875803,0.043017444803981265,4.91561830709446,0.1611748401318132,375,385,0.974025974025974
5,landing,315.0,12,3.2581093295783243,3.714890148432073,0.3229928145274294,4.930655216111408,0.0,375,385,0.974025974025974
6,takeoff,165.0,1,2.504901002185509,3.0682623551632786,0.0,3.2136733031957245,2.3153977652207316,385,385,1.0
6,takeoff,165.0,2,2.3055549175191294,2.8615318018076836,0.0,2.967613967233851,2.1673059479298105,385,385,1.0
6,takeoff,165.0,3,2.174742364039707,1.5303070408457897,0.0,2.4967124219762677,0.9152983509001922,385,385,1.0
6,takeoff,165.0,4,3.083338206593324,2.083143642563196,0.0,3.5174332533119044,1.214135593863071,385,385,1.0
6,takeoff,165.0,5,6.070563139697286,5.784170661181581,0.0,7.360767243989096,4.015902470247791,385,385,1.0
6,takeoff,165.0,6,1.937357838285876,1.8324137104558877,0.0,2.345607537536848,1.2685506216484859,385,385,1.0
6,takeoff,165.0,7,3.276422501810348,2.7095032941583166,0.0,3.8660521676294475,1.7691786649718568,385,385,1.0
6,takeoff,165.0,8,3.1980253552486544,2.5098703360803456,0.0,3.7386575274774057,1.5966387095977215,385,385,1.0
6,takeoff,165.0,9,3.4762954165132847,3.1033864375709115,0.0,4.161059036976713,2.097909648808731,385,385,1.0
6,takeoff,165.0,10,2.4533489067903527,3.1903298336084926,0.0,3.1954711910634885,2.446648559304156,385,385,1.0
6,takeoff,165.0,11,3.253960287324883,3.1883338677218394,0.0,3.9682858063578954,2.2375071312976877,385,385,1.0
6,takeoff,165.0,12,2.4879186881737225,3.115229368965094,0.0,3.209425605165092,2.3651597631317416,385,385,1.0
6,landing,345.0,1,2.504901002185509,3.0682623551632786,2.3153977652207316,3.213673303195725,0.0,385,385,1.0
6,landing,345.0,2,2.30555491751913,2.8615318018076836,2.167305947929811,2.967613967233851,0.0,385,385,1.0
6,landing,345.0,3,2.174742364039707,1.5303070408457897,0.9152983509001922,2.4967124219762677,0.0,385,385,1.0
6,landing,345.0,4,3.083338206593324,2.083143642563196,1.214135593863071,3.5174332533119044,0.0,385,385,1.0
6,landing,345.0,5,6.070563139697286,5.78417066118158,4.015902470247791,7.360767243989096,0.0,385,385,1.0
6,landing,345.0,6,1.9373578382858763,1.832413710455888,1.2685506216484859,2.345607537536848,0.0,385,385,1.0
6,landing,345.0,7,3.276422501810348,2.709503294158316,1.7691786649718568,3.8660521676294475,0.0,385,385,1.0
6,landing,345.0,8,3.1980253552486544,2.509870336080345,1.5966387095977215,3.7386575274774065,0.0,385,385,1.0
6,landing,345.0,9,3.476295416513285,3.1033864375709115,2.0979096488087308,4.161059036976712,0.0,385,385,1.0
6,landing,345.0,10,2.453348906790353,3.1903298336084926,2.4466485593041556,3.1954711910634885,0.0,385,385,1.0
6,landing,345.0,11,3.253960287324883,3.1883338677218402,2.2375071312976873,3.9682858063578954,0.0,385,385,1.0
6,landing,345.0,12,2.4879186881737225,3.115229368965094,2.3651597631317416,3.209425605165092,0.0,385,385,1.0
7,takeoff,195.0,1,2.177372500041594,2.6069175668069997,0.0,1.4284604159397962,3.081634476078792,385,385,1.0
7,takeoff,195.0,2,2.241483246072366,2.447534675893598,0.0,1.5316379689054647,2.944275507545419,385,385,1.0
7,takeoff,195.0,3,2.031138593008034,1.63075879519744,0.0,1.5398577895933625,2.1008893878424693,385,385,1.0
7,takeoff,195.0,4,2.8047430710895744,1.7750455969023518,0.0,2.2497581620670353,2.4404833083059914,385,385,1.0
7,takeoff,195.0,5,7.0647526211700855,6.423632924627808,0.0,5.161468473490294,8.033245467795552,385,385,1.0
7,takeoff,195.0,6,2.0022234860009545,1.766156130122449,0.0,1.4768845320305952,2.2241893900726373,385,385,1.0
7,takeoff,195.0,7,3.7970927275366826,2.79694010487319,0.0,2.9438085631898585,3.68439659578744,385,385,1.0
7,takeoff,195.0,8,3.0983078778824376,2.302409656096197,0.0,2.396828128415882,3.025858035907799,385,385,1.0
7,takeoff,195.0,9,2.8447634537400424,2.27398765420948,0.0,2.1592791764133756,2.9327823645029785,385,385,1.0
7,takeoff,195.0,10,2.076379585280238,2.6311755861502544,0.0,1.324630313897092,3.0789270336964067,385,385,1.0
7,takeoff,195.0,11,3.0865185449114447,2.795971942627908,0.0,2.2576971875257246,3.4995512914491145,385,385,1.0
7,takeoff,195.0,12,1.926997616168101,2.6443031984356757,0.0,1.1769407358735748,3.052944434839268,385,385,1.0
7,landing,15.0,1,2.1773725000415936,2.6069175668069997,3.081634476078792,1.4284604159397962,0.0,385,385,1.0
7,landing,15.0,2,2.241483246072366,2.447534675893598,2.9442755075454197,1.5316379689054647,0.0,385,385,1.0
7,landing,15.0,3,2.031138593008034,1.6307587951974398,2.1008893878424697,1.5398577895933625,0.0,385,385,1.0
7,landing,15.0,4,2.804743071089574,1.7750455969023518,2.4404833083059914,2.2497581620670353,0.0,385,385,1.0
7,landing,15.0,5,7.064752621170086,6.423632924627808,8.033245467795552,5.161468473490294,0.0,385,385,1.0
7,landing,15.0,6,2.002223486000955,1.766156130122449,2.2241893900726373,1.4768845320305952,0.0,385,385,1.0
7,landing,15.0,7,3.7970927275366826,2.796940104873191,3.68439659578744,2.9438085631898585,0.0,385,385,1.0
7,landing,15.0,8,3.0983078778824376,2.3024096560961973,3.025858035907799,2.3968281284158826,0.0,385,385,1.0
7,landing,15.0,9,2.8447634537400424,2.27398765420948,2.9327823645029794,2.1592791764133756,0.0,385,385,1.0
7,landing,15.0,10,2.076379585280238,2.6311755861502544,3.0789270336964067,1.3246303138970923,0.0,385,385,1.0
7,landing,15.0,11,3.0865185449114447,2.795971942627907,3.499551291449115,2.2576971875257246,0.0,385,385,1.0
7,landing,15.0,12,1.9269976161681013,2.6443031984356757,3.052944434839268,1.1769407358735748,0.0,385,385,1.0
8,takeoff,225.0,1,2.2218906723994576,2.1147242691041592,0.0,0.43813637248434323,3.066449832532111,380,385,0.987012987012987
8,takeoff,225.0,2,2.1714655758534653,1.872983821186372,0.0,0.3710483667488318,2.8598575948127123,380,385,0.987012987012987
8,takeoff,225.0,3,1.9912276779014668,1.5029916327141672,0.0,0.34528773964209747,2.4707861694892985,380,385,0.987012987012987
8,takeoff,225.0,4,2.535081591823537,1.4184482777351999,0.0,0.7895789884906719,2.79556778038855,380,385,0.987012987012987
8,takeoff,225.0,5,4.636211832199829,4.039270788350339,0.0,0.4792944797036141,6.1344925910570645,380,385,0.987012987012987
8,takeoff,225.0,6,2.0100234001767747,1.5575885458419811,0.0,0.3428480638709605,2.522682599671997,380,385,0.987012987012987
8,takeoff,225.0,7,3.318559583522921,2.285459766429495,0.0,0.7336200471917438,3.962640084251981,380,385,0.987012987012987
8,takeoff,225.0,8,2.516115229546081,1.8247499449858742,0.0,0.49424820700274996,3.0694552011280716,380,385,0.987012987012987
8,takeoff,225.0,9,2.402485797386243,1.3324766045861671,0.0,0.7566107561608783,2.6410172419114875,380,385,0.987012987012987
8,takeoff,225.0,10,1.7527617815806509,1.9679270301271021,0.0,0.2271604106992974,2.63092428944347,380,385,0.987012987012987
8,takeoff,225.0,11,2.5544408086064907,2.057065895454884,0.0,0.43305931783654494,3.260827661929024,380,385,0.987012987012987
8,takeoff,225.0,12,1.8654105535044658,2.1411603485046107,0.0,0.33560447134158533,2.8330734541153206,380,385,0.987012987012987
8,landing,45.0,1,2.2209333881543074,2.116760936063511,3.067213071368818,0.4389045588253996,0.0,381,385,0.9896103896103896
8,landing,45.0,2,2.1701665061881066,1.8744018891295964,2.8599417393019406,0.37144183370343403,0.0,381,385,0.9896103896103896
8,landing,45.0,3,1.9905140623953215,1.5027294845295212,2.470096200366704,0.3449683656615427,0.0,381,385,0.9896103896103896
8,landing,45.0,4,2.532961523697792,1.4181628324200453,2.793866825522253,0.7882817142603836,0.0,381,385,0.9896103896103896
8,landing,45.0,5,4.631705608780187,4.037457055517436,6.130023707134087,0.4788324904973053,0.0,381,385,0.9896103896103896
8,landing,45.0,6,2.0086554406011445,1.5580972722236133,2.5220750300539008,0.3424355331602901,0.0,381,385,0.9896103896103896
8,landing,45.0,7,3.3150427325422136,2.284777927667667,3.959671162262936,0.7317818375892654,0.0,381,385,0.9896103896103896
8,landing,45.0,8,2.5135979800323582,1.8242379973373868,3.067313235273122,0.49308580921404604,0.0,381,385,0.9896103896103896
8,landing,45.0,9,2.4010467265949123,1.3333068569313935,2.6405867422597353,0.7550061023823148,0.0,381,385,0.9896103896103896
8,landing,45.0,10,1.7519646687218193,1.9687298319276287,2.63092831213272,0.2280948298541806,0.0,381,385,0.9896103896103896
8,landing,45.0,11,2.5533551897333133,2.0590443527392486,3.261458994024078,0.43316621854089543,0.0,381,385,0.9896103896103896
8,landing,45.0,12,1.8653752339225003,2.143290691089066,2.834554859087122,0.33676674458672695,0.0,381,385,0.9896103896103896
9,takeoff,255.0,1,2.317402362760145,2.2027273164056935,0.0,1.5278833365407658,2.8085465727466916,281,385,0.7298701298701299
9,takeoff,255.0,2,2.1060274364884854,1.8608789226404874,0.0,1.2523910009037649,2.5158971975868067,281,385,0.7298701298701299
9,takeoff,255.0,3,1.8715073339781918,1.3735292602488853,0.0,0.8423456445555176,2.163232799536924,281,385,0.7298701298701299
9,takeoff,255.0,4,2.3166881624746543,1.447536795477969,0.0,0.7986101572438843,2.6123990187488046,281,385,0.7298701298701299
9,takeoff,255.0,5,4.017720553134402,3.5313192792071932,0.0,2.371129895607708,4.794792728881447,281,385,0.7298701298701299
9,takeoff,255.0,6,1.6539520652107507,1.4939343930744244,0.0,1.0149555188888828,1.9842536882925415,281,385,0.7298701298701299
9,takeoff,255.0,7,2.4531871178875404,1.8263643707106083,0.0,1.1292009665741005,2.842294676323806,281,385,0.7298701298701299
9,takeoff,255.0,8,2.020369063330673,1.7058967659020245,0.0,1.124859751441844,2.3930452289007915,281,385,0.7298701298701299
9,takeoff,255.0,9,2.2365613302862135,1.3836154671547645,0.0,0.7576052455598999,2.518458385000963,281,385,0.7298701298701299
9,takeoff,255.0,10,1.6737959534765614,1.833611789607733,0.0,1.3379227125949604,2.091336391876144,281,385,0.7298701298701299
9,takeoff,255.0,11,2.519574314205583,2.0481994646930346,0.0,1.3262949422709198,2.963834930977085,281,385,0.7298701298701299
9,takeoff,255.0,12,2.09138982168252,2.228583180654815,0.0,1.6113545336429214,2.596927212349853,281,385,0.7298701298701299
9,landing,75.0,1,2.3174023627601446,2.2027273164056935,2.8085465727466916,1.5278833365407658,0.0,281,385,0.7298701298701299
9,landing,75.0,2,2.1060274364884854,1.8608789226404874,2.5158971975868067,1.2523910009037649,0.0,281,385,0.7298701298701299
9,landing,75.0,3,1.8715073339781918,1.3735292602488853,2.163232799536924,0.8423456445555177,0.0,281,385,0.7298701298701299
9,landing,75.0,4,2.3166881624746547,1.4475367954779694,2.612399018748805,0.7986101572438844,0.0,281,385,0.7298701298701299
9,landing,75.0,5,4.017720553134403,3.5313192792071937,4.794792728881448,2.371129895607708,0.0,281,385,0.7298701298701299
9,landing,75.0,6,1.6539520652107507,1.4939343930744244,1.9842536882925415,1.0149555188888826,0.0,281,385,0.7298701298701299
9,landing,75.0,7,2.4531871178875404,1.8263643707106083,2.8422946763238066,1.1292009665741005,0.0,281,385,0.7298701298701299
9,landing,75.0,8,2.020369063330673,1.705896765902025,2.3930452289007915,1.124859751441844,0.0,281,385,0.7298701298701299
9,landing,75.0,9,2.2365613302862135,1.3836154671547645,2.518458385000963,0.7576052455598999,0.0,281,385,0.7298701298701299
9,landing,75.0,10,1.6737959534765616,1.8336117896077335,2.0913363918761445,1.3379227125949604,0.0,281,385,0.7298701298701299
9,landing,75.0,11,2.519574314205583,2.048199464693035,2.9638349309770855,1.3262949422709198,0.0,281,385,0.7298701298701299
9,landing,75.0,12,2.09138982168252,2.228583180654815,2.596927212349853,1.6113545336429214,0.0,281,385,0.7298701298701299
10,takeoff,285.0,1,2.6604890650749153,2.4858454571036503,0.0,3.089727566508157,1.926450951035514,327,385,0.8493506493506493
10,takeoff,285.0,2,2.2891447272927454,2.148408572013186,0.0,2.6676775775477317,1.6550949571069875,327,385,0.8493506493506493
10,takeoff,285.0,3,2.060662047640278,1.558335887202918,0.0,2.038575462931648,1.587119684794611,327,385,0.8493506493506493
10,takeoff,285.0,4,2.7838975564081854,1.7795892502545627,0.0,2.4394769242200884,2.228446957052099,327,385,0.8493506493506493
10,takeoff,285.0,5,5.548202592874365,4.248811830552991,0.0,5.540017575296737,4.259478753137307,327,385,0.8493506493506493
10,takeoff,285.0,6,2.038069753580471,1.813379461579714,0.0,2.279081322276038,1.4992870701073902,327,385,0.8493506493506493
10,takeoff,285.0,7,3.3670456547439613,2.360579972071565,0.0,3.1516007012220744,2.641353301951882,327,385,0.8493506493506493
10,takeoff,285.0,8,2.8561043209616925,2.254380421057549,0.0,2.9167784640443988,2.1753083383167686,327,385,0.8493506493506493
10,takeoff,285.0,9,2.5277836864221657,1.6978720049816067,0.0,2.2942569792904495,2.002209934951717,327,385,0.8493506493506493
10,takeoff,285.0,10,1.9018047181115803,2.280532733437623,0.0,2.6950487460381116,1.2467569893890107,327,385,0.8493506493506493
10,takeoff,285.0,11,3.1427454409368236,2.60672172700135,0.0,3.3313022120830147,2.3609897586226216,327,385,0.8493506493506493
10,takeoff,285.0,12,2.3990518091536632,2.6767254563501304,0.0,3.2064385465706082,1.6245185744528878,327,385,0.8493506493506493
10,landing,105.0,1,2.6604890650749153,2.4858454571036503,1.926450951035514,3.089727566508157,0.0,327,385,0.8493506493506493
10,landing,105.0,2,2.289144727292746,2.148408572013186,1.6550949571069875,2.667677577547732,0.0,327,385,0.8493506493506493
10,landing,105.0,3,2.060662047640278,1.558335887202918,1.587119684794611,2.038575462931648,0.0,327,385,0.8493506493506493
10,landing,105.0,4,2.7838975564081854,1.7795892502545627,2.228446957052099,2.4394769242200884,0.0,327,385,0.8493506493506493
10,landing,105.0,5,5.548202592874365,4.248811830552991,4.259478753137307,5.540017575296737,0.0,327,385,0.8493506493506493
10,landing,105.0,6,2.038069753580471,1.813379461579714,1.4992870701073904,2.279081322276038,0.0,327,385,0.8493506493506493
10,landing,105.0,7,3.3670456547439613,2.3605799720715646,2.6413533019518822,3.151600701222075,0.0,327,385,0.8493506493506493
10,landing,105.0,8,2.856104320961693,2.254380421057549,2.175308338316769,2.9167784640443983,0.0,327,385,0.8493506493506493
10,landing,105.0,9,2.527783686422166,1.6978720049816072,2.002209934951717,2.2942569792904495,0.0,327,385,0.8493506493506493
10,landing,105.0,10,1.9018047181115805,2.280532733437624,1.2467569893890107,2.695048746038111,0.0,327,385,0.8493506493506493
10,landing,105.0,11,3.142745440936824,2.60672172700135,2.360989758622622,3.3313022120830147,0.0,327,385,0.8493506493506493
10,landing,105.0,12,2.3990518091536632,2.6767254563501304,1.6245185744528878,3.2064385465706082,0.0,327,385,0.8493506493506493
11,takeoff,315.0,1,2.8247935306632677,3.507687089495674,0.48287866627900833,4.477739988246782,0.0,384,385,0.9974025974025974
11,takeoff,315.0,2,2.4770936454580426,3.0331241573008207,0.3931729454706543,3.89631237414563,0.0,384,385,0.9974025974025974
11,takeoff,315.0,3,2.1698344542230097,2.0226948360458046,0.079756610296526,2.964565891472302,0.18380003209082796,384,385,0.9974025974025974
11,takeoff,315.0,4,2.446247880702322,1.7201040793673792,0.005848832791908333,2.946055723775149,0.519310038832424,384,385,0.9974025974025974
11,takeoff,315.0,5,4.716346088255867,4.314049794223364,0.0809822897102042,6.38545416530014,0.3654487272668053,384,385,0.9974025974025974
11,takeoff,315.0,6,1.8987058390666947,2.082671029052786,0.14941407880792948,2.815258581906543,0.019331045466493352,384,385,0.9974025974025974
11,takeoff,315.0,7,2.5796177936967672,2.2873727567097046,0.007153922640619798,3.441482022163264,0.21380237006228597,384,385,0.9974025974025974
11,takeoff,315.0,8,2.589904367305246,2.3014098873140783,0.00575545134474435,3.458681478355747,0.20975185448138647,384,385,0.9974025974025974
11,takeoff,315.0,9,3.050207462209072,2.2728734681855545,0.0,3.7639866226868364,0.5496581384208535,384,385,0.9974025974025974
11,takeoff,315.0,10,2.093336082041006,2.8018611577613846,0.5010028856825908,3.4614271635099403,0.0,384,385,0.9974025974025974
11,takeoff,315.0,11,3.043993217500519,3.37073450549007,0.24076839917285586,4.535897472391986,0.009727418741818898,384,385,0.9974025974025974
11,takeoff,315.0,12,2.750153234915215,3.7730938394579514,0.7233282382232341,4.612632241644573,0.0,384,385,0.9974025974025974
11,landing,135.0,1,2.824793530663268,3.507687089495674,0.0,4.477739988246782,0.48287866627900833,384,385,0.9974025974025974
11,landing,135.0,2,2.4770936454580426,3.0331241573008207,0.0,3.89631237414563,0.3931729454706543,384,385,0.9974025974025974
11,landing,135.0,3,2.1698344542230097,2.0226948360458046,0.18380003209082796,2.964565891472302,0.07975661029652599,384,385,0.9974025974025974
11,landing,135.0,4,2.446247880702322,1.7201040793673792,0.5193100388324242,2.9460557237751495,0.0058488327919083176,384,385,0.9974025974025974
11,landing,135.0,5,4.716346088255867,4.314049794223364,0.36544872726680544,6.385454165300142,0.0809822897102042,384,385,0.9974025974025974
11,landing,135.0,6,1.8987058390666947,2.082671029052786,0.019331045466493356,2.815258581906543,0.14941407880792948,384,385,0.9974025974025974
11,landing,135.0,7,2.5796177936967672,2.2873727567097046,0.213802370062286,3.441482022163264,0.007153922640619801,384,385,0.9974025974025974
11,landing,135.0,8,2.589904367305246,2.3014098873140783,0.20975185448138653,3.458681478355747,0.005755451344744355,384,385,0.9974025974025974
11,landing,135.0,9,3.0502074622090727,2.2728734681855545,0.5496581384208538,3.763986622686837,0.0,384,385,0.9974025974025974
11,landing,135.0,10,2.093336082041006,2.8018611577613846,0.0,3.4614271635099403,0.5010028856825907,384,385,0.9974025974025974
11,landing,135.0,11,3.043993217500519,3.37073450549007,0.009727418741818905,4.535897472391986,0.24076839917285583,384,385,0.9974025974025974
11,landing,135.0,12,2.7501532349152154,3.7730938394579514,0.0,4.612632241644573,0.7233282382232341,384,385,0.9974025974025974
12,takeoff,345.0,1,1.8957917597286187,2.689882147158154,2.107559622647765,2.527386950753664,0.0,243,385,0.6311688311688312
12,takeoff,345.0,2,1.8524808560701878,2.484496754036674,1.9203822538165967,2.432394179024361,0.0,243,385,0.6311688311688312
12,takeoff,345.0,3,1.5765894263043347,1.5934628176763808,1.1311155189901463,1.935286969198996,0.0,243,385,0.6311688311688312
12,takeoff,345.0,4,1.6992450763050777,1.272553461025123,0.7893952652932655,1.9707057760220434,0.0,243,385,0.6311688311688312
12,takeoff,345.0,5,3.174638379169081,3.3794068865019575,2.442599515369016,3.9411200629452017,0.0,243,385,0.6311688311688312
12,takeoff,345.0,6,1.2105203807515836,1.552840277940302,1.1866227995411682,1.571177536950473,0.0,243,385,0.6311688311688312
12,takeoff,345.0,7,1.7790016251580758,1.702942470155861,1.1844766107488016,2.1591375587406776,0.0,243,385,0.6311688311688312
12,takeoff,345.0,8,1.5777552720160575,1.5216200623163683,1.0614190030822979,1.9178188163416043,0.0,243,385,0.6311688311688312
12,takeoff,345.0,9,1.7843499628323318,1.5114324981322982,0.9981079311296085,2.1147372281412076,0.0,243,385,0.6311688311688312
12,takeoff,345.0,10,1.3660853582898387,2.006029723114323,1.5841070098985224,1.8387358258712332,0.0,243,385,0.6311688311688312
12,takeoff,345.0,11,2.0474805646709577,2.789676682685589,2.164693790188317,2.6997358113980545,0.0,243,385,0.6311688311688312
12,takeoff,345.0,12,1.847624905572138,2.8522973445704087,2.276907155608472,2.5228974886571978,0.0,243,385,0.6311688311688312
12,landing,165.0,1,1.8957917597286187,2.6898821471581544,0.0,2.5273869507536646,2.1075596226477646,243,385,0.6311688311688312
12,landing,165.0,2,1.8524808560701873,2.4844967540366745,0.0,2.432394179024361,1.9203822538165969,243,385,0.6311688311688312
12,landing,165.0,3,1.5765894263043347,1.593462817676381,0.0,1.935286969198996,1.1311155189901463,243,385,0.6311688311688312
12,landing,165.0,4,1.699245076305078,1.272553461025123,0.0,1.9707057760220434,0.7893952652932656,243,385,0.6311688311688312
12,landing,165.0,5,3.1746383791690804,3.3794068865019575,0.0,3.941120062945202,2.442599515369016,243,385,0.6311688311688312
12,landing,165.0,6,1.2105203807515836,1.552840277940302,0.0,1.5711775369504728,1.1866227995411682,243,385,0.6311688311688312
12,landing,165.0,7,1.7790016251580758,1.7029424701558609,0.0,2.1591375587406776,1.1844766107488016,243,385,0.6311688311688312
12,landing,165.0,8,1.5777552720160577,1.5216200623163687,0.0,1.917818816341605,1.0614190030822979,243,385,0.6311688311688312
12,landing,165.0,9,1.784349962832332,1.5114324981322986,0.0,2.1147372281412076,0.9981079311296085,243,385,0.6311688311688312
12,landing,165.0,10,1.3660853582898387,2.006029723114323,0.0,1.8387358258712334,1.5841070098985224,243,385,0.6311688311688312
12,landing,165.0,11,2.0474805646709573,2.789676682685589,0.0,2.6997358113980545,2.164693790188317,243,385,0.6311688311688312
12,landing,165.0,12,1.847624905572138,2.8522973445704087,0.0,2.522897488657198,2.2769071556084723,243,385,0.6311688311688312
