섹터,중심방향_deg,MOC_필수조건통과,MOC_차단셀수,MOC_전체셀수,MOC_차단비율,MOC_안전점수,이륙_MOC통과,착륙_MOC통과,이륙_MOC범위밖표본,착륙_MOC범위밖표본,평균풍속_mps,바람이향하는방향_deg,바람이불어오는방향_deg,이륙_순풍_mps,착륙_순풍_mps,이륙_측풍_mps,착륙_측풍_mps,이륙_역풍_mps,착륙_역풍_mps,이륙_바람위험도,착륙_바람위험도,이륙_바람안전점수,착륙_바람안전점수,이륙_지상위험도,착륙_지상위험도,이륙_공중위험도,착륙_공중위험도,이륙_종합위험도,착륙_종합위험도,평균_지상위험도,평균_공중위험도,평균_종합위험도,이륙_바람coverage,착륙_바람coverage,이륙_지상coverage,착륙_지상coverage,이륙_공중coverage,착륙_공중coverage
1,15.0,False,107,134,0.7985074626865671,0.20149253731343286,False,False,0,0,1.809182324474545,39.47724500315002,219.47724500315002,1.64658368114318,0.0,0.7496018037492259,0.749601803749226,0.0,1.64658368114318,0.2171242336007356,0.0340771446493943,0.7828757663992644,0.9659228553506057,0.0,0.17936924978227237,0.33875860965306986,0.36892292400001564,0.18529428108460183,0.1941231061438941,0.08968462489113618,0.35384076682654275,0.18970869361424797,0.05714285714285714,0.05714285714285714,1.0,1.0,1.0,1.0
2,45.0,False,86,126,0.6825396825396826,0.31746031746031744,False,False,0,0,4.5180441169299606,38.973690624438916,218.97369062443892,4.497705182246533,0.0,0.5487791901325125,0.5477089090035459,0.0,4.4884477539099965,0.5088280575081315,0.008693492874177937,0.49117194249186846,0.991306507125822,0.015846897342058963,0.11744488477647615,0.17836092341260257,0.20903552987817914,0.23434529275426433,0.1117246358429444,0.06664589105926755,0.19369822664539085,0.17303496429860438,0.45454545454545453,0.45714285714285713,1.0,1.0,1.0,1.0
3,75.0,False,49,136,0.3602941176470588,0.6397058823529411,False,False,0,0,4.1755474566431365,42.6191147076529,222.6191147076529,3.526277545027771,0.0,2.2361939178237398,2.23619391782374,0.0,3.526277545027771,0.61299237837403,0.22098385378833785,0.38700762162597,0.7790161462116622,0.6175706485318846,0.8204448572106263,0.4287844146393808,0.46008434392122255,0.5531158138484318,0.5005043516400622,0.7190077528712555,0.44443437928030166,0.526810082744247,0.7402597402597403,0.7402597402597403,1.0,1.0,1.0,1.0
4,105.0,True,0,135,0.0,1.0,True,True,0,0,4.5368061238697655,46.07610350624594,226.07610350624594,2.341791156886064,0.0,3.885694787694015,3.885694787694015,0.0,2.341791156886064,0.6887045810215975,0.4283728049272408,0.3112954189784025,0.5716271950727592,0.6948356604838599,0.9814730011114706,0.02875589323140386,0.05974686739509967,0.4707653782456204,0.489864224477937,0.8381543307976653,0.044251380313251765,0.48031480136177873,0.9116883116883117,0.9116883116883117,1.0,1.0,1.0,1.0
5,135.0,True,0,133,0.0,1.0,True,True,0,0,4.455401914032781,44.88556955196174,224.88556955196174,0.12448273139877468,0.13338100109005388,4.455393028270734,4.455393028270734,0.1333810010900539,0.12448273139877471,0.513838471659963,0.5148276727448188,0.486161528340037,0.4851723272551812,0.9689822624533997,1.0,0.0,0.030233781472869776,0.49427357803778754,0.5150204847392295,0.9844911312266998,0.015116890736434888,0.5046470313885085,0.974025974025974,0.974025974025974,1.0,1.0,1.0,1.0
6,165.0,True,0,135,0.0,1.0,True,True,0,0,4.196078404811111,46.00254591398743,226.00254591398743,0.0,2.034136102243498,3.6700632551594774,3.6700632551594783,2.034136102243498,0.0,0.4012618174875501,0.6273922573252586,0.5987381825124499,0.3726077426747414,0.9911060596898111,0.9046830107734252,0.14308721631323695,0.1730009232611135,0.511818364496866,0.5683587304532657,0.9478945352316182,0.15804406978717522,0.5400885474750658,1.0,1.0,1.0,1.0,1.0,1.0
7,195.0,False,29,133,0.21804511278195488,0.7819548872180451,False,False,0,0,3.96663649012043,47.60279647628977,227.60279647628977,0.0,3.3415981078186556,2.1372709539451717,2.1372709539451717,3.3415981078186556,0.0,0.2085464370539403,0.5800245544957754,0.7914535629460597,0.4199754455042246,0.5025594797791157,0.6776303494340628,0.27108115709159547,0.30124547143854125,0.3273956913082171,0.5196334584561264,0.5900949146065892,0.28616331426506836,0.42351457488217176,1.0,1.0,1.0,1.0,1.0,1.0
8,225.0,False,56,128,0.4375,0.5625,False,False,0,0,3.2054696747150344,51.17092765403288,231.17092765403288,0.0,3.1864774898989516,0.47887476843110993,0.47856383652298207,3.1873145417275905,0.0,3.909294228339933e-05,0.3542336992736545,0.9999609070577166,0.6457663007263454,0.39619460700015924,0.49409694220675526,0.40084364686009777,0.43151825332567445,0.2656924489341801,0.42661629826869474,0.4451457746034573,0.41618095009288614,0.3461543736014374,0.987012987012987,0.9896103896103896,1.0,1.0,1.0,1.0
9,255.0,False,88,132,0.6666666666666666,0.33333333333333337,False,False,0,0,2.9699513563524795,49.94200711588684,229.94200711588684,0.0,2.6904182359351547,1.2578794754854308,1.2578794754854308,2.6904182359351547,0.0,0.09798203561012789,0.39706991786559986,0.9020179643898721,0.6029300821344001,0.05747141716013507,0.08210174857095108,0.1532093407794876,0.18450927006132933,0.10288759784991686,0.22122697883262674,0.06978658286554307,0.16885930542040847,0.1620572883412718,0.7298701298701299,0.7298701298701299,1.0,1.0,1.0,1.0
10,285.0,False,71,135,0.5259259259259259,0.4740740740740741,False,False,0,0,3.638447128538155,50.26296590845459,230.2629659084546,0.0,2.1005846059098996,2.9708318398357547,2.970831839835755,2.1005846059098996,0.0,0.3133486357025886,0.5468660096515734,0.6866513642974115,0.4531339903484266,0.3409494760164243,0.45333311859739533,0.23263630205016422,0.26362727621386023,0.29564480458972564,0.4212754681542763,0.39714129730690984,0.24813178913201223,0.35846013637200097,0.8493506493506493,0.8493506493506493,1.0,1.0,1.0,1.0
11,315.0,False,31,132,0.23484848484848486,0.7651515151515151,False,False,0,0,3.896944434512076,44.26578278982362,224.26578278982362,0.22250519336835628,0.172569135446908,3.896624477133241,3.896624477133241,0.17256913544690797,0.22250519336835625,0.4544823895945095,0.4489311077854486,0.5455176104054905,0.5510688922145515,0.7471908666408348,0.6495923634177166,0.3123089854067341,0.34254276687960394,0.5046607472140261,0.4803554126942564,0.6983916150292757,0.327425876143169,0.49250807995414125,0.9974025974025974,0.9974025974025974,1.0,1.0,1.0,1.0
12,345.0,False,68,135,0.5037037037037037,0.49629629629629635,False,False,0,0,2.7872521743215537,40.70183304876167,220.70183304876167,1.5706155396928314,0.0,2.302594517003726,2.302594517003726,0.0,1.5706155396928314,0.40393416631186485,0.22933228868186717,0.5960658336881351,0.7706677113181328,0.3581341646557003,0.3738336020023989,0.9700862930521236,1.0,0.5773848746732295,0.5343886302280887,0.36598388332904963,0.9850431465260618,0.5558867524506591,0.6311688311688312,0.6311688311688312,1.0,1.0,1.0,1.0
