비교순위,MOC통과순위,이륙섹터,착륙섹터,이륙_MOC통과,착륙_MOC통과,이륙_MOC차단셀,착륙_MOC차단셀,이륙_MOC범위밖표본,착륙_MOC범위밖표본,바람위험도,지상위험도,공중위험도,종합위험도,MOC_문제점수,MOC필수조건통과,데이터coverage통과,최종선정가능,현재_S7_S5조합
1,1,5,4,True,True,0,0,0,0,0.47110563829360186,0.9752276317824351,0.029873433697549835,0.4920689012578622,0.0,True,False,True,False
2,2,4,5,True,True,0,0,0,0,0.6017661268832082,0.84741783024193,0.029494837352136816,0.49289293149242497,0.0,True,False,True,False
3,3,6,4,True,True,0,0,0,0,0.4148173112073954,0.9862895304006409,0.1014170418541683,0.5008412944874014,0.0,True,False,True,False
4,4,6,5,True,True,0,0,0,0,0.4580447451161844,0.9955530298449056,0.08666049889305337,0.5134194246180478,0.0,True,False,True,False
5,5,4,6,True,True,0,0,0,0,0.658048419173428,0.7997593356286425,0.10087840824625868,0.519562054349443,0.0,True,False,True,False
6,6,5,6,True,True,0,0,0,0,0.5706153644926109,0.9368326366134124,0.08650046163055675,0.5313161542455267,0.0,True,False,True,False
7,,7,4,False,True,29,0,0,0,0.31845962099059055,0.7420162404452932,0.16541401224334756,0.4086299578930771,0.10902255639097744,False,False,False,False
8,,7,5,False,True,29,0,0,0,0.3616870548993795,0.7512797398895579,0.15065746928223261,0.42120808802372334,0.10902255639097744,False,False,False,True
9,,7,6,False,True,29,0,0,0,0.41796934718959944,0.7036212452762705,0.22204104017635448,0.44787721088074145,0.10902255639097744,False,True,False,False
10,,4,7,True,False,0,29,0,0,0.6343645677586864,0.6862330049589613,0.16500068233497256,0.4951994183508734,0.10902255639097744,False,False,False,False
11,,5,7,True,False,0,29,0,0,0.5469315130778691,0.8233063059437312,0.15062273571927062,0.5069535182469569,0.10902255639097744,False,False,False,False
12,,6,7,True,False,0,29,0,0,0.49064318599166273,0.8343682045619369,0.2221663438758891,0.5157259114764963,0.10902255639097744,False,True,False,False
13,,4,11,True,False,0,31,0,0,0.568817844403523,0.6722140119507882,0.1856493300555039,0.47556039546993834,0.11742424242424243,False,False,False,False
14,,5,11,True,False,0,31,0,0,0.4813847897227058,0.8092873129355582,0.17127138343980197,0.48731449536602195,0.11742424242424243,False,False,False,False
15,,6,11,True,False,0,31,0,0,0.42509646263649936,0.8203492115537638,0.24281499159642045,0.49608688859556116,0.11742424242424243,False,False,False,False
16,,11,4,False,True,31,0,0,0,0.4414275972608751,0.8643319338761527,0.18602792640091687,0.49726248584598154,0.11742424242424243,False,False,False,False
17,,11,5,False,True,31,0,0,0,0.48465503116966413,0.8735954333204174,0.17127138343980192,0.5098406159766278,0.11742424242424243,False,False,False,False
18,,11,6,False,True,31,0,0,0,0.540937323459884,0.82593693870713,0.24265495433392378,0.5365097388336459,0.11742424242424243,False,False,False,False
19,,4,3,True,False,0,49,0,0,0.45484421740496767,0.7576402588472431,0.2444201185763132,0.48563486494284136,0.1801470588235294,False,False,False,False
20,,5,3,True,False,0,49,0,0,0.3674111627241504,0.8947135598320131,0.23004217196061127,0.49738896483892486,0.1801470588235294,False,False,False,False
21,,6,3,True,False,0,49,0,0,0.31112283563794396,0.9057754584502187,0.30158578011722975,0.5061613580684641,0.1801470588235294,False,False,False,False
22,,3,4,False,True,49,0,0,0,0.5206825916506354,0.7995218248216776,0.24426564101724021,0.5214900191631843,0.1801470588235294,False,False,False,False
23,,3,5,False,True,49,0,0,0,0.5639100255594244,0.8087853242659423,0.22950909805612527,0.5340681492938306,0.1801470588235294,False,False,False,False
24,,3,6,False,True,49,0,0,0,0.6201923178496442,0.7611268296526549,0.30089266895024713,0.5607372721508488,0.1801470588235294,False,False,False,False
25,,8,4,False,True,56,0,0,0,0.21420594893476208,0.688833804055815,0.2302952571275987,0.37777833670605854,0.21875,False,False,False,False
26,,8,5,False,True,56,0,0,0,0.2574333828435511,0.6980973035000796,0.21553871416648376,0.3903564668367048,0.21875,False,False,False,False
27,,8,6,False,True,56,0,0,0,0.313715675133771,0.6504388088867922,0.28692228506060563,0.41702558969372294,0.21875,False,False,False,False
28,,4,8,True,False,0,56,0,0,0.521469140147626,0.5944663013453075,0.23013707327853916,0.4486908382571575,0.21875,False,False,False,False
29,,5,8,True,False,0,56,0,0,0.4340360854668087,0.7315396023300775,0.21575912666283723,0.4604449381532411,0.21875,False,False,False,False
30,,6,8,True,False,0,56,0,0,0.37774775838060226,0.7426015009482831,0.2873027348194557,0.4692173313827803,0.21875,False,False,False,False
31,,7,11,False,False,29,31,0,0,0.32873877241969446,0.5760759215984161,0.3068119619855997,0.4038755520012367,0.22644679881521987,False,False,False,False
32,,11,7,False,False,31,29,0,0,0.5172534720451425,0.7124106080374488,0.30677722842263766,0.5121471028350764,0.22644679881521987,False,False,False,False
33,,4,12,True,False,0,68,0,0,0.4590184348517323,0.5343346312431294,0.5143779466157019,0.5025770042368545,0.2518518518518518,False,False,False,False
34,,5,12,True,False,0,68,0,0,0.3715853801709151,0.6714079322278993,0.5,0.5143311041329381,0.2518518518518518,False,False,False,False
35,,6,12,True,False,0,68,0,0,0.3152970530847086,0.682469830846105,0.5715436081566185,0.5231034973624774,0.2518518518518518,False,False,False,False
36,,12,4,False,True,68,0,0,0,0.4161534856195528,0.6698035828835854,0.5149165802236116,0.5336245495755833,0.2518518518518518,False,False,False,False
37,,12,5,False,True,68,0,0,0,0.4593809195283418,0.6790670823278502,0.5001600372624967,0.5462026797062296,0.2518518518518518,False,False,False,False
38,,12,6,False,True,68,0,0,0,0.5156632118185618,0.6314085877145628,0.5715436081566185,0.5728718025632477,0.2518518518518518,False,False,False,False
39,,10,4,False,True,71,0,0,0,0.3708607203149147,0.6612112385639475,0.14619158472263194,0.39275451453383137,0.26296296296296295,False,False,False,False
40,,10,5,False,True,71,0,0,0,0.4140881542237037,0.6704747380082121,0.131435041761517,0.4053326446644776,0.26296296296296295,False,False,False,False
41,,10,6,False,True,71,0,0,0,0.47037044651392357,0.6228162433949247,0.20281861265563886,0.4320017675214957,0.26296296296296295,False,False,False,False
42,,4,10,True,False,0,71,0,0,0.6177852953365854,0.5740843895406276,0.14619158472263205,0.44602042319994833,0.26296296296296295,False,False,False,False
43,,5,10,True,False,0,71,0,0,0.5303522406557681,0.7111576905253976,0.13181363810693011,0.4577745230960319,0.26296296296296295,False,False,False,False
44,,6,10,True,False,0,71,0,0,0.47406391356956173,0.7222195891436032,0.2033572462635486,0.46654691632557116,0.26296296296296295,False,False,False,False
45,,7,3,False,False,29,49,0,0,0.21476514542113906,0.661502168494871,0.365582750506409,0.4139500214741396,0.28916961521450685,False,False,False,False
46,,3,7,False,False,49,29,0,0,0.5965084664349027,0.6476004989829737,0.365014943038961,0.5363746361522791,0.28916961521450685,False,False,False,False
47,,11,3,False,False,31,49,0,0,0.33773312169142367,0.7838178619257306,0.3861966646639783,0.5025825494270442,0.29757130124777187,False,False,False,False
48,,3,11,False,False,49,31,0,0,0.5309617430797393,0.6335815059748007,0.38566359075949236,0.5167356132713441,0.29757130124777187,False,False,False,False
49,,7,8,False,False,29,56,0,0,0.2813900681637974,0.4983282109929355,0.35129970520863496,0.3770059947884559,0.32777255639097747,False,False,False,False
50,,8,7,False,False,56,29,0,0,0.2900318237190294,0.536912478217111,0.35104455914931953,0.39266295369515325,0.32777255639097747,False,False,False,False
51,,9,4,False,True,88,0,0,0,0.26317742026868435,0.5194722091358028,0.10647810408729363,0.2963759111639269,0.3333333333333333,False,False,False,False
52,,9,5,False,True,88,0,0,0,0.3064048541774733,0.5287357085800676,0.0917215611261787,0.30895404129457316,0.3333333333333333,False,False,False,False
53,,9,6,False,True,88,0,0,0,0.36268714646769323,0.4810772139667801,0.16310513202030055,0.33562316415159127,0.3333333333333333,False,False,False,False
54,,4,9,True,False,0,88,0,0,0.5428872494435987,0.3884687045274055,0.1066325816463666,0.34599617853912357,0.3333333333333333,False,False,False,False
55,,5,9,True,False,0,88,0,0,0.45545419476278143,0.5255420055121753,0.09225463503066467,0.3577502784352071,0.3333333333333333,False,False,False,False
56,,6,9,True,False,0,88,0,0,0.39916586767657497,0.5366039041303811,0.16379824318728314,0.36652267166474634,0.3333333333333333,False,False,False,False
57,,8,11,False,False,56,31,0,0,0.22448510036386599,0.522893485208938,0.37169320686985086,0.37302393081421825,0.33617424242424243,False,False,False,False
58,,11,8,False,False,31,56,0,0,0.40435804443408196,0.620643904423795,0.37191361936620426,0.4656385227413604,0.33617424242424243,False,False,False,False
59,,4,2,True,False,0,86,0,0,0.34869903694788773,0.40614027263016805,0.1188957115547915,0.2912450070442824,0.3412698412698413,False,False,False,False
60,,5,2,True,False,0,86,0,0,0.2612659822670705,0.5432135736149379,0.10451776493908957,0.302999106940366,0.3412698412698413,False,False,False,False
61,,6,2,True,False,0,86,0,0,0.204977655180864,0.5542754722331437,0.17606137309570805,0.3117715001699053,0.3412698412698413,False,False,False,False
62,,2,4,False,True,86,0,0,0,0.46860043121768613,0.4986599492267648,0.11905389540385111,0.3621047586161007,0.3412698412698413,False,False,False,False
63,,2,5,False,True,86,0,0,0,0.5118278651264752,0.5079234486710295,0.10429735244273618,0.37468288874674693,0.3412698412698413,False,False,False,False
64,,2,6,False,True,86,0,0,0,0.5681101574166951,0.46026495405774204,0.17568092333685803,0.40135201160376505,0.3412698412698413,False,False,False,False
65,,7,12,False,False,29,68,0,0,0.21893936286790372,0.4381965408907573,0.6355405785457977,0.4308921607681529,0.36087440824282924,False,False,False,False
66,,12,7,False,False,68,29,0,0,0.4919793604038201,0.5178822570448816,0.6356658822453324,0.548509166564678,0.36087440824282924,False,False,False,False
67,,11,12,False,False,31,68,0,0,0.3419073391381883,0.5605122343216169,0.656154492703367,0.5195246887210574,0.36927609427609426,False,False,False,False
68,,12,11,False,False,68,31,0,0,0.42643263704865675,0.5038632640367084,0.6563145299658637,0.5288701436837429,0.36927609427609426,False,False,False,False
69,,7,10,False,False,29,71,0,0,0.37770622335275683,0.47794629918825554,0.26735421665272785,0.37433557973124676,0.3719855193539404,False,False,False,False
70,,10,7,False,False,71,29,0,0,0.44668659509918196,0.5092899127252435,0.26694088674435273,0.4076391315229261,0.3719855193539404,False,False,False,False
71,,10,11,False,False,71,31,0,0,0.3811398717440186,0.4952709197170705,0.2875895344648841,0.3880001086419911,0.3803872053872054,False,False,False,False
72,,11,10,False,False,31,71,0,0,0.5006741996230415,0.6002619926191151,0.28796813081029715,0.4629681076841512,0.3803872053872054,False,False,False,False
73,,8,3,False,False,56,49,0,0,0.11051147336531063,0.6083197321053928,0.43046399539066016,0.38309840028712117,0.39889705882352944,False,False,False,False
74,,3,8,False,False,49,56,0,0,0.4836130388238422,0.55583379536932,0.4301513339825276,0.4898660560585632,0.39889705882352944,False,False,False,False
75,,4,1,True,False,0,107,0,0,0.3613908628354959,0.4371024551330661,0.19883940861570976,0.3324442421947572,0.39925373134328357,False,False,False,False
76,,1,4,False,True,107,0,0,0,0.3227485192639882,0.4907365005557353,0.19925273852408476,0.3375792527812694,0.39925373134328357,False,False,False,False
77,,5,1,True,False,0,107,0,0,0.27395780815467863,0.574175756117836,0.18446146200000782,0.34419834209084077,0.39925373134328357,False,False,False,False
78,,1,5,False,True,107,0,0,0,0.3659759531727772,0.5,0.1844961955629698,0.3501573829119156,0.39925373134328357,False,False,False,False
79,,6,1,True,False,0,107,0,0,0.2176694810684722,0.5852376547360417,0.2560050701566263,0.3529707353203801,0.39925373134328357,False,False,False,False
80,,1,6,False,True,107,0,0,0,0.4222582454629971,0.4523415053867126,0.25587976645709165,0.37682650576893373,0.39925373134328357,False,False,False,False
81,,12,3,False,False,68,49,0,0,0.31245901005010135,0.5892895109331633,0.715085318486673,0.5389446131566458,0.4319989106753812,False,False,False,False
82,,3,12,False,False,49,68,0,0,0.4211623335279486,0.49570212526714175,0.7143922073196904,0.5437522220382602,0.4319989106753812,False,False,False,False
83,,7,9,False,False,29,88,0,0,0.30280817745977007,0.2923306141750334,0.2277952135764624,0.27431133507042194,0.4423558897243107,False,False,False,False
84,,9,7,False,False,88,29,0,0,0.3390032950529516,0.3675508832970989,0.22722740610901443,0.31126052815302163,0.4423558897243107,False,False,False,False
85,,10,3,False,False,71,49,0,0,0.26716624474546324,0.5806971666135253,0.3463603229856934,0.398074578114894,0.4431100217864924,False,False,False,False
86,,3,10,False,False,49,71,0,0,0.5799291940128017,0.53545188356464,0.3462058454266205,0.48719564100135404,0.4431100217864924,False,False,False,False
87,,7,2,False,False,29,86,0,0,0.10861996496405912,0.31000218227779597,0.2400583434848873,0.21956016357558078,0.45029239766081874,False,False,False,False
88,,2,7,False,False,86,29,0,0,0.5444263060019534,0.34673862338806083,0.2398031974255719,0.37698937560519535,0.45029239766081874,False,False,False,False
89,,9,11,False,False,88,31,0,0,0.27345657169778825,0.35353189028892584,0.24787605382954578,0.29162150527208663,0.45075757575757575,False,False,False,False
90,,11,9,False,False,31,88,0,0,0.4257761537300547,0.41464630760589294,0.2484091277340317,0.36294386302332643,0.45075757575757575,False,False,False,False
91,,11,2,False,False,31,86,0,0,0.2315879412343437,0.4323178757086555,0.2606722576424566,0.3081926915284853,0.4586940836940837,False,False,False,False
92,,2,11,False,False,86,31,0,0,0.4788795826467901,0.33271963037988783,0.26045184514610326,0.35735035272426036,0.4586940836940837,False,False,False,False
93,,8,12,False,False,56,68,0,0,0.11468569081207529,0.38501410450127904,0.7004218234300489,0.4000405395811344,0.4706018518518518,False,False,False,False
94,,12,8,False,False,68,56,0,0,0.37908393279275965,0.42611555343122776,0.700802273188899,0.5020005864709621,0.4706018518518518,False,False,False,False
95,,8,10,False,False,56,71,0,0,0.2734525512969284,0.4247638627987773,0.332235461536979,0.3434839585442282,0.48171296296296295,False,False,False,False
96,,10,8,False,False,71,56,0,0,0.33379116748812154,0.4175232091115898,0.33207727768791934,0.3611305514292102,0.48171296296296295,False,False,False,False
97,,7,1,False,False,29,107,0,0,0.1213117908516673,0.34096436478069403,0.32000204054580556,0.26075939872605564,0.508276287734261,False,False,False,False
98,,1,7,False,False,107,29,0,0,0.3985743940482555,0.3388151747170314,0.32000204054580556,0.35246386977036415,0.508276287734261,False,False,False,False
99,,9,3,False,False,88,49,0,0,0.15948294469923285,0.4389581371853807,0.3066468423503551,0.30169597474498955,0.5134803921568627,False,False,False,False
100,,3,9,False,False,49,88,0,0,0.5050311481198149,0.34983619855141784,0.30664684235035505,0.3871713963405292,0.5134803921568627,False,False,False,False
101,,10,12,False,False,71,68,0,0,0.27134046219222785,0.35739153900941156,0.6163181510250821,0.41501671740890717,0.5148148148148148,False,False,False,False
102,,12,10,False,False,68,71,0,0,0.4754000879817191,0.4057336416265478,0.6168567846329919,0.4993301714137529,0.5148148148148148,False,False,False,False
103,,1,11,False,False,107,31,0,0,0.3330276706930921,0.3247961817088583,0.34065068826633693,0.3328248468894291,0.516677973767526,False,False,False,False
104,,11,1,False,False,31,107,0,0,0.2442797671219519,0.4632800582115536,0.34061595470337486,0.34939192667896013,0.516677973767526,False,False,False,False
105,,3,2,False,False,49,86,0,0,0.310842935624104,0.3675077666541804,0.31890997225877993,0.3324202248456881,0.5214169000933707,False,False,False,False
106,,2,3,False,False,86,49,0,0,0.3649059556482347,0.41814587727634267,0.31922263366691256,0.36742482219716327,0.5214169000933707,False,False,False,False
107,,8,9,False,False,56,88,0,0,0.19855450540394162,0.23914817778555517,0.29267645846071355,0.24345971388340343,0.5520833333333333,False,False,False,False
108,,9,8,False,False,88,56,0,0,0.2261078674418912,0.27578417968344515,0.29236379705258103,0.2647519480593058,0.5520833333333333,False,False,False,False
109,,8,2,False,False,56,86,0,0,0.0043662929082306685,0.2568197458883177,0.3049395883691385,0.18870854238856227,0.5600198412698413,False,False,False,False
110,,2,8,False,False,86,56,0,0,0.431530878390893,0.25497191977440714,0.3049395883691385,0.3304807955114795,0.5600198412698413,False,False,False,False
111,,1,3,False,False,107,49,0,0,0.21905404369453674,0.41022242860531316,0.39942147678714623,0.342899316362332,0.579400790166813,False,False,False,False
112,,3,1,False,False,49,107,0,0,0.3235347615117121,0.39846994915707845,0.39885366931969823,0.3736194599961629,0.579400790166813,False,False,False,False
113,,9,12,False,False,88,68,0,0,0.16365716214599751,0.21565250958126697,0.5766046703897438,0.3186381140390028,0.5851851851851851,False,False,False,False
114,,12,9,False,False,68,88,0,0,0.40050204208873236,0.2201179566133257,0.5772977815567264,0.3993059267529281,0.5851851851851851,False,False,False,False
115,,12,2,False,False,68,86,0,0,0.2063138295930214,0.23778952471608822,0.5895609114651513,0.34455475525808693,0.5931216931216932,False,False,False,False
116,,2,12,False,False,86,68,0,0,0.36908017309499935,0.19484024967222893,0.5891804617063012,0.3843669614911765,0.5931216931216932,False,False,False,False
117,,10,9,False,False,71,88,0,0,0.3552092767840942,0.2115256122936877,0.20857278605574678,0.2584358917111762,0.5962962962962963,False,False,False,False
118,,9,10,False,False,88,71,0,0,0.3224240226308506,0.2554022678787652,0.20841830849667392,0.2620815330020966,0.5962962962962963,False,False,False,False
119,,10,2,False,False,71,86,0,0,0.16102106428838325,0.2291971803964502,0.22083591596417168,0.20368472021633502,0.6042328042328042,False,False,False,False
120,,2,10,False,False,86,71,0,0,0.5278470335798524,0.23459000796972715,0.2209940998132314,0.32781038045427036,0.6042328042328042,False,False,False,False
121,,8,1,False,False,56,107,0,0,0.01705811879583885,0.2877819283912158,0.3848832854300567,0.22990777753903707,0.6180037313432836,False,False,False,False
122,,1,8,False,False,107,56,0,0,0.28567896643719504,0.24704847110337763,0.38513843148937216,0.30595528967664826,0.6180037313432836,False,False,False,False
123,,1,12,False,False,107,68,0,0,0.2232282611413014,0.18691680100119945,0.669379304826535,0.3598414556563453,0.6511055831951353,False,False,False,False
124,,12,1,False,False,68,107,0,0,0.21900565548062959,0.26875170721898634,0.6695046085260696,0.38575399040856184,0.6511055831951353,False,False,False,False
125,,10,1,False,False,71,107,0,0,0.17371289017599145,0.2601593628993483,0.30077961302508993,0.2448839553668099,0.6622166943062465,False,False,False,False
126,,1,10,False,False,107,71,0,0,0.3819951216261545,0.22666655929869767,0.30119294293346505,0.30328487461943904,0.6622166943062465,False,False,False,False
127,,9,2,False,False,88,86,0,0,0.05333776424215291,0.08745815096830561,0.18112243532883338,0.10730611684643063,0.6746031746031746,False,False,False,False
128,,2,9,False,False,86,88,0,0,0.4529489876868657,0.04897432295650502,0.18143509673696595,0.22778613579344553,0.6746031746031746,False,False,False,False
129,,9,1,False,False,88,107,0,0,0.06602959012976109,0.11842033347120372,0.2610661323897516,0.14850535199690548,0.7325870646766168,False,False,False,False
130,,1,9,False,False,107,88,0,0,0.30709707573316775,0.04105087428547554,0.2616339398571996,0.20326062995861427,0.7325870646766168,False,False,False,False
131,,1,2,False,False,107,86,0,0,0.11290886323745677,0.05872244238823807,0.2738970697656245,0.14850945846377311,0.7405235726131248,False,False,False,False
132,,2,1,False,False,86,107,0,0,0.2714526010787629,0.09760807356216566,0.27364192370630913,0.2142341994490792,0.7405235726131248,False,False,False,False
